{"sections":{"icon_list_jT8AzG":{"type":"icon-list","blocks":{"block_0_Ca6PKX":{"type":"block_0","settings":{"image_picker_0":"shopify:\/\/shop_images\/Warranty-1.jpg","text_2":"Shipping","text_1":"Free Shipping Over $100"}},"block_0_UPhqWN":{"type":"block_0","settings":{"image_picker_0":"shopify:\/\/shop_images\/Warranty-1.svg","text_2":"On All bottleworx Products","text_1":"Limited Lifetime Warranty"}},"block_0_g86fYT":{"type":"block_0","settings":{"image_picker_0":"shopify:\/\/shop_images\/insulation.jpg","text_2":"Keep It Hot and Cold Longer","text_1":"Superior Insulation Technology"}}},"block_order":["block_0_Ca6PKX","block_0_UPhqWN","block_0_g86fYT"],"settings":{}},"image_with_text_rJMTkc":{"type":"image-with-text","blocks":{"heading_86Fiqw":{"type":"heading","settings":{"heading":"The last water bottle you’re going to need!","heading_size":"h1"}},"text_rqebwX":{"type":"text","settings":{"text":"<p>Tired of buying bottles that continue to disappoint or add to the overuse of plastic bottles? Try our reusable vacuum insulated water bottles that keep your drinks hot or cold for hours!<\/p>","text_style":"body"}},"button_H4MAXx":{"type":"button","settings":{"button_label":"Shop Now","button_link":"https:\/\/www.google.com","button_style_secondary":false}}},"block_order":["heading_86Fiqw","text_rqebwX","button_H4MAXx"],"settings":{"height":"adapt","desktop_image_width":"medium","layout":"text_first","desktop_content_position":"top","desktop_content_alignment":"left","content_layout":"no-overlap","section_color_scheme":"","color_scheme":"","image_behavior":"none","mobile_content_alignment":"left","padding_top":96,"padding_bottom":96,"custom_class":"header_width"}},"featured_collection":{"type":"featured-collection","settings":{"title":"Our Products","heading_size":"h2","description":"","show_description":false,"description_style":"body","custom_class":"home_feature_products","collection":"all","products_to_show":8,"columns_desktop":4,"full_width":false,"show_view_all":true,"view_all_style":"solid","enable_desktop_slider":false,"color_scheme":"scheme-1","image_ratio":"adapt","image_shape":"default","show_secondary_image":true,"show_vendor":false,"show_rating":false,"quick_add":"none","columns_mobile":"2","swipe_on_mobile":false,"padding_top":0,"padding_bottom":36}},"features_section_TxFXV3":{"type":"features-section","blocks":{"left_image_JWAR6q":{"type":"left_image","settings":{"image_picker_0":"shopify:\/\/shop_images\/blue-green-bottles.png"}}},"block_order":["left_image_JWAR6q"],"settings":{"background_color":""}}},"order":["icon_list_jT8AzG","image_with_text_rJMTkc","featured_collection","features_section_TxFXV3"]}